<?xml version="1.0" encoding="UTF-8"?>
<Bucket
   type = "0"
   version = "2.0">
   <Breakpoints>
      <BreakpointProxy
         BreakpointExtensionID = "Xcode.Breakpoint.FileBreakpoint">
         <BreakpointContent
            shouldBeEnabled = "No"
            ignoreCount = "0"
            continueAfterRunningActions = "No"
            filePath = "CrosswordProject/ViewController.swift"
            timestampString = "577234685.592298"
            startingColumnNumber = "9223372036854775807"
            endingColumnNumber = "9223372036854775807"
            startingLineNumber = "99"
            endingLineNumber = "99"
            landmarkName = "level1()"
            landmarkType = "7">
         </BreakpointContent>
      </BreakpointProxy>
      <BreakpointProxy
         BreakpointExtensionID = "Xcode.Breakpoint.FileBreakpoint">
         <BreakpointContent
            shouldBeEnabled = "No"
            ignoreCount = "0"
            continueAfterRunningActions = "No"
            filePath = "CrosswordProject/ViewController.swift"
            timestampString = "577234685.593322"
            startingColumnNumber = "9223372036854775807"
            endingColumnNumber = "9223372036854775807"
            startingLineNumber = "98"
            endingLineNumber = "98"
            landmarkName = "level1()"
            landmarkType = "7">
         </BreakpointContent>
      </BreakpointProxy>
      <BreakpointProxy
         BreakpointExtensionID = "Xcode.Breakpoint.FileBreakpoint">
         <BreakpointContent
            shouldBeEnabled = "No"
            ignoreCount = "0"
            continueAfterRunningActions = "No"
            filePath = "CrosswordProject/ViewController.swift"
            timestampString = "577234685.594183"
            startingColumnNumber = "9223372036854775807"
            endingColumnNumber = "9223372036854775807"
            startingLineNumber = "315"
            endingLineNumber = "315"
            landmarkName = "viewDidAppear(_:)"
            landmarkType = "7">
         </BreakpointContent>
      </BreakpointProxy>
      <BreakpointProxy
         BreakpointExtensionID = "Xcode.Breakpoint.FileBreakpoint">
         <BreakpointContent
            shouldBeEnabled = "No"
            ignoreCount = "0"
            continueAfterRunningActions = "No"
            filePath = "CrosswordProject/ViewController.swift"
            timestampString = "577234685.595615"
            startingColumnNumber = "9223372036854775807"
            endingColumnNumber = "9223372036854775807"
            startingLineNumber = "77"
            endingLineNumber = "77"
            landmarkName = "mainButtonThree"
            landmarkType = "24">
            <Locations>
               <Location
                  shouldBeEnabled = "No"
                  ignoreCount = "0"
                  continueAfterRunningActions = "No"
                  symbolName = "closure #1 () -&gt; () in variable initialization expression of CrosswordProject.ViewController.mainButtonThree : PopupDialog.DefaultButton"
                  moduleName = "CrosswordProject"
                  usesParentBreakpointCondition = "Yes"
                  urlString = "file:///Users/campususer/Desktop/CrosswordProject/CrosswordProject/ViewController.swift"
                  timestampString = "576833913.68925"
                  startingColumnNumber = "9223372036854775807"
                  endingColumnNumber = "9223372036854775807"
                  startingLineNumber = "44"
                  endingLineNumber = "44"
                  offsetFromSymbolStart = "4">
               </Location>
               <Location
                  shouldBeEnabled = "No"
                  ignoreCount = "0"
                  continueAfterRunningActions = "No"
                  symbolName = "CrosswordProject.ViewController.mainButtonThree.getter : PopupDialog.DefaultButton"
                  moduleName = "CrosswordProject"
                  usesParentBreakpointCondition = "Yes"
                  urlString = "file:///Users/campususer/Desktop/CrosswordProject/CrosswordProject/ViewController.swift"
                  timestampString = "576833913.692709"
                  startingColumnNumber = "9223372036854775807"
                  endingColumnNumber = "9223372036854775807"
                  startingLineNumber = "42"
                  endingLineNumber = "42"
                  offsetFromSymbolStart = "44">
               </Location>
               <Location
                  shouldBeEnabled = "No"
                  ignoreCount = "0"
                  continueAfterRunningActions = "No"
                  symbolName = "CrosswordProject.ViewController.init(nibName: Swift.Optional&lt;Swift.String&gt;, bundle: Swift.Optional&lt;__C.NSBundle&gt;) -&gt; CrosswordProject.ViewController"
                  moduleName = "CrosswordProject"
                  usesParentBreakpointCondition = "Yes"
                  urlString = "file:///Users/campususer/Desktop/CrosswordProject/CrosswordProject/ViewController.swift"
                  timestampString = "576833913.694914"
                  startingColumnNumber = "9223372036854775807"
                  endingColumnNumber = "9223372036854775807"
                  startingLineNumber = "42"
                  endingLineNumber = "42"
                  offsetFromSymbolStart = "5853">
               </Location>
               <Location
                  shouldBeEnabled = "No"
                  ignoreCount = "0"
                  continueAfterRunningActions = "No"
                  symbolName = "CrosswordProject.ViewController.init(coder: __C.NSCoder) -&gt; Swift.Optional&lt;CrosswordProject.ViewController&gt;"
                  moduleName = "CrosswordProject"
                  usesParentBreakpointCondition = "Yes"
                  urlString = "file:///Users/campususer/Desktop/CrosswordProject/CrosswordProject/ViewController.swift"
                  timestampString = "576833913.697345"
                  startingColumnNumber = "9223372036854775807"
                  endingColumnNumber = "9223372036854775807"
                  startingLineNumber = "42"
                  endingLineNumber = "42"
                  offsetFromSymbolStart = "5804">
               </Location>
            </Locations>
         </BreakpointContent>
      </BreakpointProxy>
      <BreakpointProxy
         BreakpointExtensionID = "Xcode.Breakpoint.FileBreakpoint">
         <BreakpointContent
            shouldBeEnabled = "No"
            ignoreCount = "0"
            continueAfterRunningActions = "No"
            filePath = "CrosswordProject/ViewController.swift"
            timestampString = "577234685.597059"
            startingColumnNumber = "9223372036854775807"
            endingColumnNumber = "9223372036854775807"
            startingLineNumber = "363"
            endingLineNumber = "363"
            landmarkName = "collectionView(_:didSelectItemAt:)"
            landmarkType = "7">
         </BreakpointContent>
      </BreakpointProxy>
      <BreakpointProxy
         BreakpointExtensionID = "Xcode.Breakpoint.FileBreakpoint">
         <BreakpointContent
            shouldBeEnabled = "No"
            ignoreCount = "0"
            continueAfterRunningActions = "No"
            filePath = "CrosswordProject/ViewController.swift"
            timestampString = "577234685.59849"
            startingColumnNumber = "9223372036854775807"
            endingColumnNumber = "9223372036854775807"
            startingLineNumber = "364"
            endingLineNumber = "364"
            landmarkName = "collectionView(_:didSelectItemAt:)"
            landmarkType = "7">
            <Locations>
               <Location
                  shouldBeEnabled = "No"
                  ignoreCount = "0"
                  continueAfterRunningActions = "No"
                  symbolName = "CrosswordProject.ViewController.collectionView(_: __C.UICollectionView, didSelectItemAt: Foundation.IndexPath) -&gt; ()"
                  moduleName = "CrosswordProject"
                  usesParentBreakpointCondition = "Yes"
                  urlString = "file:///Users/campususer/Desktop/CrosswordProject/CrosswordProject/ViewController.swift"
                  timestampString = "577061236.261041"
                  startingColumnNumber = "9223372036854775807"
                  endingColumnNumber = "9223372036854775807"
                  startingLineNumber = "166"
                  endingLineNumber = "166"
                  offsetFromSymbolStart = "777">
               </Location>
               <Location
                  shouldBeEnabled = "No"
                  ignoreCount = "0"
                  continueAfterRunningActions = "No"
                  symbolName = "CrosswordProject.ViewController.collectionView(_: __C.UICollectionView, didSelectItemAt: Foundation.IndexPath) -&gt; ()"
                  moduleName = "CrosswordProject"
                  usesParentBreakpointCondition = "Yes"
                  urlString = "file:///Users/campususer/Desktop/CrosswordProject/CrosswordProject/ViewController.swift"
                  timestampString = "577061236.265469"
                  startingColumnNumber = "9223372036854775807"
                  endingColumnNumber = "9223372036854775807"
                  startingLineNumber = "166"
                  endingLineNumber = "166"
                  offsetFromSymbolStart = "845">
               </Location>
               <Location
                  shouldBeEnabled = "No"
                  ignoreCount = "0"
                  continueAfterRunningActions = "No"
                  symbolName = "CrosswordProject.ViewController.collectionView(_: __C.UICollectionView, didSelectItemAt: Foundation.IndexPath) -&gt; ()"
                  moduleName = "CrosswordProject"
                  usesParentBreakpointCondition = "Yes"
                  urlString = "file:///Users/campususer/Desktop/CrosswordProject/CrosswordProject/ViewController.swift"
                  timestampString = "577061236.270628"
                  startingColumnNumber = "9223372036854775807"
                  endingColumnNumber = "9223372036854775807"
                  startingLineNumber = "166"
                  endingLineNumber = "166"
                  offsetFromSymbolStart = "914">
               </Location>
               <Location
                  shouldBeEnabled = "No"
                  ignoreCount = "0"
                  continueAfterRunningActions = "No"
                  symbolName = "CrosswordProject.ViewController.collectionView(_: __C.UICollectionView, didSelectItemAt: Foundation.IndexPath) -&gt; ()"
                  moduleName = "CrosswordProject"
                  usesParentBreakpointCondition = "Yes"
                  urlString = "file:///Users/campususer/Desktop/CrosswordProject/CrosswordProject/ViewController.swift"
                  timestampString = "577061236.274259"
                  startingColumnNumber = "9223372036854775807"
                  endingColumnNumber = "9223372036854775807"
                  startingLineNumber = "166"
                  endingLineNumber = "166"
                  offsetFromSymbolStart = "981">
               </Location>
            </Locations>
         </BreakpointContent>
      </BreakpointProxy>
      <BreakpointProxy
         BreakpointExtensionID = "Xcode.Breakpoint.FileBreakpoint">
         <BreakpointContent
            shouldBeEnabled = "No"
            ignoreCount = "0"
            continueAfterRunningActions = "No"
            filePath = "CrosswordProject/ViewController.swift"
            timestampString = "577234685.599409"
            startingColumnNumber = "9223372036854775807"
            endingColumnNumber = "9223372036854775807"
            startingLineNumber = "138"
            endingLineNumber = "138"
            landmarkName = "loadView()"
            landmarkType = "7">
         </BreakpointContent>
      </BreakpointProxy>
      <BreakpointProxy
         BreakpointExtensionID = "Xcode.Breakpoint.FileBreakpoint">
         <BreakpointContent
            shouldBeEnabled = "No"
            ignoreCount = "0"
            continueAfterRunningActions = "No"
            filePath = "CrosswordProject/ViewController.swift"
            timestampString = "577234685.600261"
            startingColumnNumber = "9223372036854775807"
            endingColumnNumber = "9223372036854775807"
            startingLineNumber = "223"
            endingLineNumber = "223"
            landmarkName = "textFieldEditingDidChange(_:)"
            landmarkType = "7">
         </BreakpointContent>
      </BreakpointProxy>
      <BreakpointProxy
         BreakpointExtensionID = "Xcode.Breakpoint.FileBreakpoint">
         <BreakpointContent
            shouldBeEnabled = "No"
            ignoreCount = "0"
            continueAfterRunningActions = "No"
            filePath = "CrosswordProject/ViewController.swift"
            timestampString = "577234685.601023"
            startingColumnNumber = "9223372036854775807"
            endingColumnNumber = "9223372036854775807"
            startingLineNumber = "222"
            endingLineNumber = "222"
            landmarkName = "textFieldEditingDidChange(_:)"
            landmarkType = "7">
         </BreakpointContent>
      </BreakpointProxy>
      <BreakpointProxy
         BreakpointExtensionID = "Xcode.Breakpoint.FileBreakpoint">
         <BreakpointContent
            shouldBeEnabled = "No"
            ignoreCount = "0"
            continueAfterRunningActions = "No"
            filePath = "CrosswordProject/ViewController.swift"
            timestampString = "577234685.601632"
            startingColumnNumber = "9223372036854775807"
            endingColumnNumber = "9223372036854775807"
            startingLineNumber = "212"
            endingLineNumber = "212"
            landmarkName = "textFieldEditingDidChange(_:)"
            landmarkType = "7">
         </BreakpointContent>
      </BreakpointProxy>
      <BreakpointProxy
         BreakpointExtensionID = "Xcode.Breakpoint.FileBreakpoint">
         <BreakpointContent
            shouldBeEnabled = "No"
            ignoreCount = "0"
            continueAfterRunningActions = "No"
            filePath = "CrosswordProject/ViewController.swift"
            timestampString = "577234685.602237"
            startingColumnNumber = "9223372036854775807"
            endingColumnNumber = "9223372036854775807"
            startingLineNumber = "211"
            endingLineNumber = "211"
            landmarkName = "textFieldEditingDidChange(_:)"
            landmarkType = "7">
         </BreakpointContent>
      </BreakpointProxy>
      <BreakpointProxy
         BreakpointExtensionID = "Xcode.Breakpoint.FileBreakpoint">
         <BreakpointContent
            shouldBeEnabled = "No"
            ignoreCount = "0"
            continueAfterRunningActions = "No"
            filePath = "CrosswordProject/ViewController.swift"
            timestampString = "577234685.602787"
            startingColumnNumber = "9223372036854775807"
            endingColumnNumber = "9223372036854775807"
            startingLineNumber = "206"
            endingLineNumber = "206"
            landmarkName = "textFieldEditingDidChange(_:)"
            landmarkType = "7">
         </BreakpointContent>
      </BreakpointProxy>
      <BreakpointProxy
         BreakpointExtensionID = "Xcode.Breakpoint.FileBreakpoint">
         <BreakpointContent
            shouldBeEnabled = "No"
            ignoreCount = "0"
            continueAfterRunningActions = "No"
            filePath = "CrosswordProject/ViewController.swift"
            timestampString = "577234685.603296"
            startingColumnNumber = "9223372036854775807"
            endingColumnNumber = "9223372036854775807"
            startingLineNumber = "305"
            endingLineNumber = "305"
            landmarkName = "textFieldEditingDidChange(_:)"
            landmarkType = "7">
         </BreakpointContent>
      </BreakpointProxy>
      <BreakpointProxy
         BreakpointExtensionID = "Xcode.Breakpoint.FileBreakpoint">
         <BreakpointContent
            shouldBeEnabled = "No"
            ignoreCount = "0"
            continueAfterRunningActions = "No"
            filePath = "CrosswordProject/ViewController.swift"
            timestampString = "577234685.6038181"
            startingColumnNumber = "9223372036854775807"
            endingColumnNumber = "9223372036854775807"
            startingLineNumber = "257"
            endingLineNumber = "257"
            landmarkName = "textFieldEditingDidChange(_:)"
            landmarkType = "7">
         </BreakpointContent>
      </BreakpointProxy>
      <BreakpointProxy
         BreakpointExtensionID = "Xcode.Breakpoint.FileBreakpoint">
         <BreakpointContent
            shouldBeEnabled = "No"
            ignoreCount = "0"
            continueAfterRunningActions = "No"
            filePath = "CrosswordProject/ViewController.swift"
            timestampString = "577234685.604335"
            startingColumnNumber = "9223372036854775807"
            endingColumnNumber = "9223372036854775807"
            startingLineNumber = "258"
            endingLineNumber = "258"
            landmarkName = "textFieldEditingDidChange(_:)"
            landmarkType = "7">
         </BreakpointContent>
      </BreakpointProxy>
      <BreakpointProxy
         BreakpointExtensionID = "Xcode.Breakpoint.FileBreakpoint">
         <BreakpointContent
            shouldBeEnabled = "No"
            ignoreCount = "0"
            continueAfterRunningActions = "No"
            filePath = "CrosswordProject/ViewController.swift"
            timestampString = "577234685.604885"
            startingColumnNumber = "9223372036854775807"
            endingColumnNumber = "9223372036854775807"
            startingLineNumber = "300"
            endingLineNumber = "300"
            landmarkName = "textFieldEditingDidChange(_:)"
            landmarkType = "7">
         </BreakpointContent>
      </BreakpointProxy>
      <BreakpointProxy
         BreakpointExtensionID = "Xcode.Breakpoint.FileBreakpoint">
         <BreakpointContent
            shouldBeEnabled = "Yes"
            ignoreCount = "0"
            continueAfterRunningActions = "No"
            filePath = "CrosswordProject/ViewController.swift"
            timestampString = "577234685.6053441"
            startingColumnNumber = "9223372036854775807"
            endingColumnNumber = "9223372036854775807"
            startingLineNumber = "229"
            endingLineNumber = "229"
            landmarkName = "textFieldEditingDidChange(_:)"
            landmarkType = "7">
         </BreakpointContent>
      </BreakpointProxy>
      <BreakpointProxy
         BreakpointExtensionID = "Xcode.Breakpoint.FileBreakpoint">
         <BreakpointContent
            shouldBeEnabled = "No"
            ignoreCount = "0"
            continueAfterRunningActions = "No"
            filePath = "CrosswordProject/ViewController.swift"
            timestampString = "577234685.605858"
            startingColumnNumber = "9223372036854775807"
            endingColumnNumber = "9223372036854775807"
            startingLineNumber = "230"
            endingLineNumber = "230"
            landmarkName = "textFieldEditingDidChange(_:)"
            landmarkType = "7">
         </BreakpointContent>
      </BreakpointProxy>
      <BreakpointProxy
         BreakpointExtensionID = "Xcode.Breakpoint.FileBreakpoint">
         <BreakpointContent
            shouldBeEnabled = "No"
            ignoreCount = "0"
            continueAfterRunningActions = "No"
            filePath = "CrosswordProject/ViewController.swift"
            timestampString = "577234685.606339"
            startingColumnNumber = "9223372036854775807"
            endingColumnNumber = "9223372036854775807"
            startingLineNumber = "238"
            endingLineNumber = "238"
            landmarkName = "textFieldEditingDidChange(_:)"
            landmarkType = "7">
         </BreakpointContent>
      </BreakpointProxy>
      <BreakpointProxy
         BreakpointExtensionID = "Xcode.Breakpoint.FileBreakpoint">
         <BreakpointContent
            shouldBeEnabled = "Yes"
            ignoreCount = "0"
            continueAfterRunningActions = "No"
            filePath = "CrosswordProject/ViewController.swift"
            timestampString = "577234685.6067851"
            startingColumnNumber = "9223372036854775807"
            endingColumnNumber = "9223372036854775807"
            startingLineNumber = "237"
            endingLineNumber = "237"
            landmarkName = "textFieldEditingDidChange(_:)"
            landmarkType = "7">
         </BreakpointContent>
      </BreakpointProxy>
      <BreakpointProxy
         BreakpointExtensionID = "Xcode.Breakpoint.FileBreakpoint">
         <BreakpointContent
            shouldBeEnabled = "Yes"
            ignoreCount = "0"
            continueAfterRunningActions = "No"
            filePath = "CrosswordProject/ViewController.swift"
            timestampString = "577234685.6072249"
            startingColumnNumber = "9223372036854775807"
            endingColumnNumber = "9223372036854775807"
            startingLineNumber = "252"
            endingLineNumber = "252"
            landmarkName = "textFieldEditingDidChange(_:)"
            landmarkType = "7">
         </BreakpointContent>
      </BreakpointProxy>
      <BreakpointProxy
         BreakpointExtensionID = "Xcode.Breakpoint.FileBreakpoint">
         <BreakpointContent
            shouldBeEnabled = "No"
            ignoreCount = "0"
            continueAfterRunningActions = "No"
            filePath = "CrosswordProject/ViewController.swift"
            timestampString = "577234685.6076961"
            startingColumnNumber = "9223372036854775807"
            endingColumnNumber = "9223372036854775807"
            startingLineNumber = "219"
            endingLineNumber = "219"
            landmarkName = "textFieldEditingDidChange(_:)"
            landmarkType = "7">
         </BreakpointContent>
      </BreakpointProxy>
      <BreakpointProxy
         BreakpointExtensionID = "Xcode.Breakpoint.FileBreakpoint">
         <BreakpointContent
            shouldBeEnabled = "No"
            ignoreCount = "0"
            continueAfterRunningActions = "No"
            filePath = "CrosswordProject/ViewController.swift"
            timestampString = "577234685.608174"
            startingColumnNumber = "9223372036854775807"
            endingColumnNumber = "9223372036854775807"
            startingLineNumber = "272"
            endingLineNumber = "272"
            landmarkName = "textFieldEditingDidChange(_:)"
            landmarkType = "7">
         </BreakpointContent>
      </BreakpointProxy>
      <BreakpointProxy
         BreakpointExtensionID = "Xcode.Breakpoint.FileBreakpoint">
         <BreakpointContent
            shouldBeEnabled = "No"
            ignoreCount = "0"
            continueAfterRunningActions = "No"
            filePath = "CrosswordProject/ViewController.swift"
            timestampString = "577234685.608626"
            startingColumnNumber = "9223372036854775807"
            endingColumnNumber = "9223372036854775807"
            startingLineNumber = "271"
            endingLineNumber = "271"
            landmarkName = "textFieldEditingDidChange(_:)"
            landmarkType = "7">
         </BreakpointContent>
      </BreakpointProxy>
      <BreakpointProxy
         BreakpointExtensionID = "Xcode.Breakpoint.FileBreakpoint">
         <BreakpointContent
            shouldBeEnabled = "No"
            ignoreCount = "0"
            continueAfterRunningActions = "No"
            filePath = "CrosswordProject/ViewController.swift"
            timestampString = "577234685.609077"
            startingColumnNumber = "9223372036854775807"
            endingColumnNumber = "9223372036854775807"
            startingLineNumber = "279"
            endingLineNumber = "279"
            landmarkName = "textFieldEditingDidChange(_:)"
            landmarkType = "7">
         </BreakpointContent>
      </BreakpointProxy>
      <BreakpointProxy
         BreakpointExtensionID = "Xcode.Breakpoint.FileBreakpoint">
         <BreakpointContent
            shouldBeEnabled = "No"
            ignoreCount = "0"
            continueAfterRunningActions = "No"
            filePath = "CrosswordProject/ViewController.swift"
            timestampString = "577234685.609514"
            startingColumnNumber = "9223372036854775807"
            endingColumnNumber = "9223372036854775807"
            startingLineNumber = "278"
            endingLineNumber = "278"
            landmarkName = "textFieldEditingDidChange(_:)"
            landmarkType = "7">
         </BreakpointContent>
      </BreakpointProxy>
      <BreakpointProxy
         BreakpointExtensionID = "Xcode.Breakpoint.FileBreakpoint">
         <BreakpointContent
            shouldBeEnabled = "No"
            ignoreCount = "0"
            continueAfterRunningActions = "No"
            filePath = "CrosswordProject/ViewController.swift"
            timestampString = "577234685.6099989"
            startingColumnNumber = "9223372036854775807"
            endingColumnNumber = "9223372036854775807"
            startingLineNumber = "286"
            endingLineNumber = "286"
            landmarkName = "textFieldEditingDidChange(_:)"
            landmarkType = "7">
         </BreakpointContent>
      </BreakpointProxy>
      <BreakpointProxy
         BreakpointExtensionID = "Xcode.Breakpoint.FileBreakpoint">
         <BreakpointContent
            shouldBeEnabled = "No"
            ignoreCount = "0"
            continueAfterRunningActions = "No"
            filePath = "CrosswordProject/ViewController.swift"
            timestampString = "577234685.610464"
            startingColumnNumber = "9223372036854775807"
            endingColumnNumber = "9223372036854775807"
            startingLineNumber = "293"
            endingLineNumber = "293"
            landmarkName = "textFieldEditingDidChange(_:)"
            landmarkType = "7">
         </BreakpointContent>
      </BreakpointProxy>
      <BreakpointProxy
         BreakpointExtensionID = "Xcode.Breakpoint.FileBreakpoint">
         <BreakpointContent
            shouldBeEnabled = "No"
            ignoreCount = "0"
            continueAfterRunningActions = "No"
            filePath = "CrosswordProject/ViewController.swift"
            timestampString = "577234685.610912"
            startingColumnNumber = "9223372036854775807"
            endingColumnNumber = "9223372036854775807"
            startingLineNumber = "283"
            endingLineNumber = "283"
            landmarkName = "textFieldEditingDidChange(_:)"
            landmarkType = "7">
         </BreakpointContent>
      </BreakpointProxy>
      <BreakpointProxy
         BreakpointExtensionID = "Xcode.Breakpoint.FileBreakpoint">
         <BreakpointContent
            shouldBeEnabled = "No"
            ignoreCount = "0"
            continueAfterRunningActions = "No"
            filePath = "CrosswordProject/ViewController.swift"
            timestampString = "577234685.613137"
            startingColumnNumber = "9223372036854775807"
            endingColumnNumber = "9223372036854775807"
            startingLineNumber = "282"
            endingLineNumber = "282"
            landmarkName = "textFieldEditingDidChange(_:)"
            landmarkType = "7">
         </BreakpointContent>
      </BreakpointProxy>
      <BreakpointProxy
         BreakpointExtensionID = "Xcode.Breakpoint.FileBreakpoint">
         <BreakpointContent
            shouldBeEnabled = "No"
            ignoreCount = "0"
            continueAfterRunningActions = "No"
            filePath = "CrosswordProject/ViewController.swift"
            timestampString = "577234685.613808"
            startingColumnNumber = "9223372036854775807"
            endingColumnNumber = "9223372036854775807"
            startingLineNumber = "208"
            endingLineNumber = "208"
            landmarkName = "textFieldEditingDidChange(_:)"
            landmarkType = "7">
         </BreakpointContent>
      </BreakpointProxy>
      <BreakpointProxy
         BreakpointExtensionID = "Xcode.Breakpoint.FileBreakpoint">
         <BreakpointContent
            shouldBeEnabled = "Yes"
            ignoreCount = "0"
            continueAfterRunningActions = "No"
            filePath = "CrosswordProject/ViewController.swift"
            timestampString = "577234685.614341"
            startingColumnNumber = "9223372036854775807"
            endingColumnNumber = "9223372036854775807"
            startingLineNumber = "207"
            endingLineNumber = "207"
            landmarkName = "textFieldEditingDidChange(_:)"
            landmarkType = "7">
         </BreakpointContent>
      </BreakpointProxy>
      <BreakpointProxy
         BreakpointExtensionID = "Xcode.Breakpoint.FileBreakpoint">
         <BreakpointContent
            shouldBeEnabled = "No"
            ignoreCount = "0"
            continueAfterRunningActions = "No"
            filePath = "CrosswordProject/ViewController.swift"
            timestampString = "577234685.61489"
            startingColumnNumber = "9223372036854775807"
            endingColumnNumber = "9223372036854775807"
            startingLineNumber = "277"
            endingLineNumber = "277"
            landmarkName = "textFieldEditingDidChange(_:)"
            landmarkType = "7">
         </BreakpointContent>
      </BreakpointProxy>
      <BreakpointProxy
         BreakpointExtensionID = "Xcode.Breakpoint.FileBreakpoint">
         <BreakpointContent
            shouldBeEnabled = "No"
            ignoreCount = "0"
            continueAfterRunningActions = "No"
            filePath = "CrosswordProject/ViewController.swift"
            timestampString = "577234685.615378"
            startingColumnNumber = "9223372036854775807"
            endingColumnNumber = "9223372036854775807"
            startingLineNumber = "162"
            endingLineNumber = "162"
            landmarkName = "buttonAction(sender:)"
            landmarkType = "7">
         </BreakpointContent>
      </BreakpointProxy>
   </Breakpoints>
</Bucket>
